link_id	speed	travel_time
1000000100	5.6	196
1000000200	28.2	39
1000000300	26.1	45
1000000400	24.5	48
1000000500	12.4	121
1000000800	32.3	31
1000001100	7.8	182
1000001300	15.3	48
1000001500	10.7	168
1000001700	14.9	89
1000001900	17.4	130
1000002000	13.8	166
1000002300	16	163
1000002800	14.8	102
1000002900	22.8	70
1000003300	14.2	78
1000003400	18	62
1000003600	15.8	206
1000003700	13	55
1000003800	15.7	46
1000004200	10.4	73
1000004700	16.3	34
1000005000	15.3	28
1000005400	13.6	180
1000006100	15.7	42
1000006300	11	298
1000006400	16.3	198
1000006500	16.2	44
1000006600	16.9	43
1000006700	11.7	77
1000006800	18.6	49
1000006900	13	75
1000007100	5	178
1000007300	10	159
1000007400	18.2	87
1000007500	13.3	92
1000007600	16	77
1000008000	36	77
1000008500	17.4	52
1000008700	11	187
1000008800	7.5	274
1000008900	21	99
1000009100	14.3	100
1000009200	21	68
1000009300	9	36
1000009500	7.1	431
1000009600	19.3	159
1000009900	19	68
1000010000	22.5	57
1000010100	19.5	85
1000010200	9.7	168
1000010300	17.4	103
1000010400	15.7	115
1000010600	6.2	108
1000010700	13	153
1000011200	15.4	46
1000011400	18.4	24
1000011500	16.5	67
1000012300	5.6	282
1000012400	17.9	88
1000012900	13	236
1000013000	18.6	165
1000013500	9.5	137
1000013600	27.9	46
1000014300	14.8	147
1000014400	20.1	104
1000015100	15.4	205
1000015303	30.7	31
1000015500	17.2	185
1000015600	24.8	126
1000015900	14.5	257
1000016000	22.9	171
1000016700	46	43
1000016800	47	41
1000016900	26	364
1000017000	34	277
1000017900	28	18
1000018400	21.8	207
1000018800	24.2	53
1000018900	21	165
1000019000	23	146
1000019100	14.5	131
1000019500	27.7	171
1000020100	30	255
1000020700	28	106
1000020800	25.1	120
1000020900	24.9	81
1000021100	35	548
1000021200	34.7	548
1000021300	13	199
1000021400	21.4	122
1000021500	39.2	217
1000021600	39.7	216
1000021700	19.1	597
1000021800	23.1	490
1000025100	19.3	31
1000028100	13	45
1000028200	10	58
1000032500	15	33
1000032600	22	22
1004350800	29.2	82
1005002300	36	40
1005002800	38	50
1005002900	16.4	106
1005003300	42.2	35
1005003500	46	52
1005003600	32.4	77
1005003700	30.2	69
1005003800	14.7	197
1005003900	21.2	121
1005004000	29.4	85
1005004100	29.8	116
1005004200	36	98
1005004400	34.1	42
1005009000	29.8	90
1005009200	27	35
1010000300	24.8	79
1010000400	29.6	66
1010000800	21.9	73
1010001100	21.7	194
1010001200	17	249
1010001500	7.7	310
1010001600	29.4	83
1010001700	16.7	145
1010001800	15.7	154
1010002000	19	70
1010002100	17.5	50
1010002300	28	69
1010002500	8.2	419
1010002700	30.6	67
1010002800	25.9	80
1010002900	12.8	152
1010003100	11.7	166
1010003200	19	100
1010003300	16.6	140
1010003400	28.3	82
1010003500	19.1	45
1010003700	14.4	179
1010003900	8.4	170
1010004000	24	48
1010004100	22.1	47
1010004400	19.7	57
1010004500	10.8	211
1010004600	23.3	96
1010004700	12.2	111
1010004800	28.6	47
1010004900	16.4	41
1010005000	13.9	48
1010005100	12.9	149
1010005400	18.6	114
1010005500	8.1	216
1010005700	3	240
1010005800	10.1	71
1010005900	18.3	79
1010006000	20.4	71
1010006100	13	187
1010006200	18.5	128
1010006600	18.7	70
1010006700	18.1	120
1010006800	8.8	250
1010006900	15.1	89
1010007100	8.1	91
1010007300	8.9	277
1010007400	17	144
1010007800	22.9	64
1010008100	18.5	82
1010008400	12.7	63
1010008800	24.2	23
1010008900	20.2	89
1010009000	15.3	118
1010009200	9	100
1010009300	11.2	157
1010009400	13.5	129
1010009700	20.9	45
1010009800	15.3	61
1010010100	15.7	84
1010010200	10.9	120
1010010500	19	81
1010010800	8	96
1010011000	18	72
1010011300	19.1	51
1010011400	10	98
1010011900	18.9	40
1010012300	18.3	33
1010012400	11.6	53
1010013100	8	298
1010013200	13.5	177
1010013500	15.4	58
1010013800	32.2	26
1010013900	16.9	68
1010014100	8.2	189
1010014200	18.7	83
1010014300	1	698
1010014500	12	126
1010014600	22.8	67
1010014700	23.3	39
1010015000	19.7	92
1010015100	15	126
1010015200	14	133
1010015500	22.4	48
1010015600	16.7	65
1010015700	25	70
1010015800	29.8	59
1010015900	6	176
1010016000	14.2	75
1010016400	13.6	49
1010016500	12.7	62
1010016600	24	33
1010016900	6.4	177
1010017300	18.3	89
1010017600	9.6	86
1010017900	33.8	34
1010018100	16	54
1010018300	20.3	55
1010018500	9	268
1010019000	21.4	36
1010019300	10.2	151
1010019400	22.1	70
1010019600	8.4	139
1010019700	12.8	204
1010019800	19.9	131
1010019900	16.2	79
1010020100	17.9	85
1010020200	15	102
1020000200	25	166
1020000600	25	119
1020000800	30	103
1020000900	21	503
1020001000	51	134
1020001200	30	68
1020001800	34	40
1020002500	24.8	121
1020002600	17.6	170
1020002700	35	41
1020002900	23	66
1020003000	20.7	112
1020003100	18.5	106
1020003200	15.3	128
1020003800	27.8	163
1020003900	18.4	106
1020004000	14.3	138
1020004100	27.5	124
1020004800	21.4	93
1020004900	37.3	73
1020005600	22.9	99
1020005900	25.9	101
1020006000	16.8	155
1020006100	21.4	89
1020006200	21.1	90
1020006300	12.4	56
1020006500	25.3	179
1020006600	27.3	177
1020006700	17.8	207
1020006800	28.1	130
1020006900	23	91
1020007300	12.6	129
1020007400	20.4	80
1020007500	17.7	161
1020008300	12.7	180
1020008400	14.7	154
1020008500	43.9	40
1020008700	16	119
1020009000	23.5	85
1020009100	31.3	81
1020009200	19.6	126
1020009300	14.2	214
1020009400	27.4	111
1020009600	16	78
1020009700	29.4	94
1020009800	23.3	106
1020010300	23.9	129
1020010400	45	69
1020010500	12.5	74
1020010600	29.6	31
1020010700	14.3	129
1020010900	10.7	173
1020011000	30	67
1020011100	17	93
1020011200	18.5	87
1020011300	26.9	175
1020011400	10	467
1020011500	18.7	359
1020011600	34	197
1020011700	17	118
1020011800	24.3	82
1020012000	22.3	81
1020012300	13.6	287
1020012400	20.5	192
1020012500	12.5	171
1020012600	21.2	102
1020012800	13.2	134
1020012900	16.8	109
1020013000	20	92
1020013300	23.2	170
1020013400	38.8	102
1020013500	26.8	114
1020013600	24.6	125
1020014000	21	79
1020014100	19	138
1020014200	29.7	89
1020014500	29.9	67
1020014700	14	40
1020015100	14.1	145
1020015200	16.7	123
1020015300	16.2	72
1020015400	28	41
1020015700	8.7	175
1020015800	41.7	46
1020015900	32.3	36
1020016000	35.9	32
1020016100	14	161
1020016200	11	207
1020016300	11.6	56
1020016400	10.6	61
1020016500	28.2	91
1020016700	18.2	143
1020017200	36.9	94
1020017300	10.4	124
1020017800	28.6	43
1020018600	13.7	166
1020018900	8.2	253
1020019000	9	232
1020019100	34.2	65
1020019500	18.9	208
1020019600	27.6	142
1020020200	32.4	65
1020020300	10.5	741
1020020600	30.2	85
1020020700	16.8	176
1020020900	13.3	282
1020021000	34.5	109
1020021200	58	91
1020021300	25.8	167
1020021400	18.2	242
1020021600	29.3	249
1020021700	17.7	274
1020021800	10.5	467
1020021900	26.9	36
1020022100	20.8	63
1020022200	23	56
1020022300	20.1	142
1020022400	28	95
1020022700	27.8	48
1020023000	30.6	28
1020041100	12.7	88
1020041200	13.2	82
1030000300	41	128
1030000400	57	92
1030001200	57	88
1030001500	10	268
1030001600	17.5	154
1030001700	65	129
1030001800	80	105
1030002100	21.3	228
1030002300	65	39
1030002500	56	104
1030002600	80	32
1030002900	12	175
1030003000	12	175
1030003100	9.7	216
1030003200	10	210
1030004200	16	141
1030004700	15	49
1030004800	9.3	78
1030004900	12.1	110
1030005000	13.6	98
1030005300	8.9	254
1030005400	11.9	191
1030005700	44.4	48
1030005800	42.5	50
1030006700	11.5	204
1030006800	24.2	97
1030006900	21	116
1030007000	22.7	106
1030007100	16.3	146
1030007200	11	217
1030007300	24.3	104
1030007400	18.6	137
1030007500	15	153
1030007600	15.3	150
1030007900	40	72
1030008300	16.3	133
1030008400	10.3	144
1030008500	16.7	110
1030008600	18	102
1030008700	36.5	40
1030008800	17.8	82
1030009000	17.8	117
1030009100	13.5	149
1030009200	28.7	70
1030009700	22.5	57
1030009900	27.7	55
1030010000	12.6	121
1030010100	31.5	45
1030010403	25.1	37
1030010404	15.6	45
1030010500	9	213
1030010600	13.9	138
1030010700	16	133
1030010900	15.9	87
1030011000	16.4	84
1030011100	17	239
1030011200	24.7	166
1030011400	18.3	99
1030011800	28.4	109
1030012100	24.4	108
1030012300	18.9	157
1030012400	18	168
1030012700	19	102
1030012800	13	148
1030013100	17	136
1030013300	16	110
1030013400	15	117
1030013500	25	188
1030013700	15.7	99
1030013800	27.8	56
1030014000	23.2	94
1030014102	12	126
1030014103	12	122
1030014201	24.8	9
1030014202	15	101
1030014203	15	97
1030014300	16.8	80
1030014400	21.9	60
1030014900	15.7	248
1030015000	14	282
1030015300	29.3	32
1030015500	15.5	256
1030015600	21.5	186
1030015900	23.5	95
1030016100	17.2	127
1030016200	21	103
1030016300	8.4	249
1030016400	20.4	103
1030016500	22.3	76
1030016700	26.3	76
1030016800	14.2	142
1030017100	23.8	59
1030017200	20.1	70
1030017500	26.4	80
1030017600	13.4	159
1030018000	17.1	62
1030018100	13.9	125
1030018200	13.5	129
1030018600	29	30
1030018700	20.9	98
1030018800	16.7	123
1030019100	12.5	171
1030019200	13.5	159
1030019300	25	192
1030019400	16.5	291
1030019500	35.2	22
1030019800	22	56
1030020200	26.6	104
1030020300	8.6	272
1030020400	12.5	188
1030020500	14	221
1040000100	67	109
1040000200	73	99
1040000500	71	44
1040000700	37	70
1040000800	56	46
1040000900	10	175
1040001100	73	33
1040001200	26	140
1040001300	26.2	84
1040001700	18	196
1040001800	11	319
1040002300	33	35
1040002400	9.5	122
1040002500	16	52
1040002700	45.7	21
1040002800	35	20
1040003100	12	224
1040003300	18.5	141
1040003400	33	80
1040003700	13.2	121
1040003800	18.9	85
1040003900	31.7	184
1040004000	34	171
1040004100	85	63
1040004300	22.6	141
1040004400	19.6	163
1040004800	31	29
1040005400	24.9	130
1040005500	62	229
1040005600	11.8	122
1040005800	16.9	197
1040005900	14.9	220
1040006200	21	76
1040006300	17.1	94
1040006400	14	155
1040006500	15	145
1040006600	13	187
1040006700	18.1	134
1040007100	17.8	55
1040007300	12.4	162
1040007600	22	53
1040007700	7	166
1040008000	14.1	175
1040008100	13	189
1040008300	13.7	47
1040008400	11	167
1040008500	12	153
1040008600	22.1	96
1040008700	21.5	99
1040008800	24	75
1040008900	13	141
1040009000	11.3	175
1040009100	16.5	119
1040009200	13	106
1040009300	20	71
1040009400	54	29
1040009500	23	67
1040009800	11	173
1040009900	19	101
1040010000	21.7	101
1040010100	15.3	143
1040010800	11	173
1040011000	19.9	116
1040011500	30.8	26
1040011600	25.3	75
1040011900	32.2	158
1040012100	19.6	160
1040012200	16	82
1040012600	25.1	57
1040012700	30.3	48
1040012800	20	86
1040012900	21.6	80
1040013000	18.9	197
1040013200	25.3	47
1040013300	25	48
1040013400	12.4	97
1040013500	26.3	46
1040013700	11.9	82
1040014000	14	224
1040014100	16.2	192
1040014200	17.8	241
1040014300	16.7	258
1040014700	12	139
1040015000	16.4	158
1040015100	17.2	155
1040015200	12.5	181
1040015300	15.1	149
1040015600	23	96
1040015900	11	187
1040016400	19	204
1040016500	25.4	152
1040016600	13	225
1040016800	19	184
1040016900	15	234
1040017100	25.7	29
1050000300	77	178
1050000400	23.2	106
1050000500	24.2	102
1050000600	20.4	53
1050000700	5.2	207
1050000800	24.2	59
1050000900	21.6	66
1050001000	14.1	100
1050001300	19.9	46
1050001400	25.3	50
1050001500	29.9	43
1050001800	83	103
1050001900	57	151
1050002000	17.4	72
1050002400	25.1	133
1050002500	12	287
1050002600	30.5	41
1050002700	9.7	131
1050002800	10.8	78
1050003300	70	52
1050003600	74	132
1050003700	34.9	57
1050003800	25	80
1050003900	14.5	27
1050004000	17	23
1050004100	24.5	202
1050004300	21.8	225
1050004400	18.8	261
1050004500	18.9	138
1050004701	11	76
1050004704	11	94
1050004802	14	27
1050004900	17.3	166
1050005000	13	223
1050005200	31.2	18
1050005400	27.6	61
1050005500	12	229
1050005600	12	227
1050005900	14.6	113
1050006100	30.6	54
1050006400	19.4	64
1050006700	23	76
1050006800	14	124
1050006900	15.2	112
1050007000	16.7	102
1050007100	19	149
1050007200	24.5	116
1050007300	23.3	74
1050007400	19.1	89
1050007800	10	91
1050008300	23.1	113
1050008500	25.6	92
1050008700	21.9	83
1050008800	19	96
1050009000	21	49
1050009200	15	124
1050009301	16	45
1050009500	23.1	113
1050009600	27.7	94
1050009700	15.2	162
1050009800	18.3	134
1050009900	25.2	97
1050010100	14	110
1050010200	22.8	67
1050010300	30.5	109
1050010500	20.9	77
1050010600	14.4	113
1050010900	25	58
1050011000	11	131
1050011100	22.6	150
1050011200	17.1	198
1050011300	20.2	60
1050011400	29.1	42
1050011500	15.4	85
1050011700	18.3	193
1050011800	23.2	152
1050011900	14	142
1050012000	23	86
1050012200	15.9	171
1050012300	24	79
1050012400	14	135
1050012500	8.8	216
1050013000	27.1	80
1050013300	35.7	63
1050014100	16.1	86
1050014200	10	144
1050014300	16	84
1050014400	25	54
1050014500	15.8	71
1050014600	19.4	59
1050015200	20	75
1050015500	14.9	184
1050015600	19	145
1050015900	17.2	87
1050016100	26.6	90
1050016200	25.8	91
1050016800	26.7	70
1050017300	22.6	60
1050017400	23.9	56
1050017800	8	117
1050017900	13.5	97
1050018000	11	122
1050018100	28	60
1050018400	22	42
1050018700	23.5	135
1050018800	21.3	150
1050019300	11.5	143
1050019400	8	202
1050019500	15.5	187
1050019900	30.6	44
1050020100	10.8	145
1050020400	9	433
1050020500	11.3	240
1050020600	15.6	175
1050020800	35.2	89
1050020900	22.4	138
1050021500	24	65
1050021600	27.8	57
1050021900	31.7	32
1050048200	39.2	66
1060000200	37.2	53
1060000500	27	78
1060000700	13.4	139
1060000800	18.1	103
1060000900	8.9	82
1060001000	27.1	27
1060001300	16.1	93
1060001400	17	89
1060001700	22.3	46
1060001800	12.8	80
1060001900	21.8	81
1060002200	13	66
1060002400	19.1	97
1060002500	23.6	66
1060002600	10.2	153
1060002700	14.5	103
1060002800	16.1	92
1060003100	35.5	69
1060003200	33	74
1060003300	18.5	137
1060003400	22.8	111
1060003800	30	51
1060003900	29.7	115
1060004000	25.6	134
1060004100	40	246
1060004300	34.4	34
1060004600	23.9	89
1060004700	12.7	167
1060005000	27	53
1060005300	36.6	25
1060006400	29	75
1060006700	30	331
1060006800	51	194
1060006900	16.6	54
1060007300	24.1	193
1060007400	25.7	181
1060007500	12	352
1060007600	13	325
1060007700	37.7	68
1060007800	16.4	132
1060007900	31	49
1060008100	18.6	88
1060008300	11.4	103
1060008400	17.5	67
1060008600	19.1	113
1060008700	14.6	181
1060008800	20	133
1060008900	11.6	268
1060009100	17.3	179
1060009200	20.3	149
1060009400	18.7	74
1060009600	21	77
1060009800	14.2	81
1060010000	21.3	97
1060010100	11.2	179
1060010400	29.7	42
1060010500	32	66
1060010600	22	93
1060010800	17.7	129
1060011100	17	95
1060011300	16.9	105
1060011400	17	104
1060011500	15	140
1060012000	20.9	101
1060012100	12	185
1060012900	20	115
1060013200	12	60
1060013300	21	77
1060013800	20.7	173
1060014000	15.5	116
1060014300	26.5	89
1060014400	16	148
1060014500	13	68
1060014700	24.7	62
1060014800	41	37
1060015300	19.4	130
1060015400	21.1	120
1060015900	25.6	64
1060016000	14	115
1060016100	21.1	144
1060016200	17.2	176
1060016800	21	55
1060016900	16	122
1060017000	18.2	107
1060017300	25.3	56
1060017400	26.5	54
1060017500	17	385
1060017600	39.1	166
1060018300	12	171
1060018400	21.5	97
1060018600	8	200
1060018900	15	139
1060019000	15.7	146
1060019900	25	31
1060020100	13	86
1060020500	11	93
1060020600	42.2	24
1060021200	25.9	33
1060021300	29	35
1060021500	20	62
1060021700	69	165
1060021800	55	207
1070000200	21	245
1070000300	66	138
1070000400	33	274
1070001300	70	42
1070001500	42	128
1070001600	46	117
1070002200	27	23
1070002300	34.2	60
1070002500	22.8	133
1070002700	30	98
1070002800	18	162
1070003400	10.7	170
1070003800	11.3	53
1070004100	17.7	151
1070004200	13.4	199
1070004300	20.3	54
1070004400	17.8	62
1070004700	11.7	135
1070004800	12	128
1070004900	10	136
1070005000	16	87
1070005100	21.9	81
1070005500	28.6	39
1070005800	11.3	151
1070005900	11	84
1070006300	17	153
1070006700	13	79
1070007400	17	183
1070007500	26.1	28
1070007700	12.5	88
1070007800	13.6	81
1070008500	21.2	107
1070008600	30.2	76
1070008700	22	150
1070008800	20.4	161
1070009100	16	209
1070009200	14	242
1070009300	38	15
1070009400	15.6	37
1070009500	28.6	123
1070009600	14.3	243
1070010300	28.6	151
1070010400	17.8	244
1070010500	36	131
1070010700	25	198
1070010800	28	174
1070010900	18.4	152
1070011000	12	230
1070011200	20	71
1070012400	31.1	95
1070013000	14.5	31
1070013300	46.6	34
1070013400	10	158
1070013700	21	113
1070013800	9.8	241
1070013900	18.3	140
1070014000	11.9	215
1070014900	15.5	210
1070015000	10	332
1070015100	21	35
1070015300	21.2	100
1070015500	22.6	56
1070015800	13	281
1070016200	24.9	104
1070016301	17	45
1070016302	17	141
1070016900	26.3	98
1070017300	19.4	325
1070017400	17.7	356
1070018100	31	63
1070018200	10	197
1070018300	7.8	416
1070018400	20.6	156
1070018700	17.8	228
1070019900	21	131
1070020000	15.3	179
1070020100	7.3	538
1070020200	21.5	182
1070020300	14	266
1070020400	24.2	154
1070020500	11	167
1070020600	23.8	77
1070020702	7	20
1070020703	8.3	158
1070020803	14.1	93
1070021100	23.5	106
1070021200	19.1	131
1070021300	24.1	94
1070021400	18.3	125
1070021500	21.4	116
1070021600	26.6	92
1070021700	19.3	130
1070021800	16.3	155
1070021900	27.2	94
1080001000	14.5	44
1080001300	14.6	216
1080001400	15.5	205
1080001600	10	206
1080001700	34.4	108
1080001800	25.5	146
1080002300	22.7	118
1080002400	15	178
1080002500	7	415
1080002800	24.7	154
1080002900	21	113
1080003100	19.6	297
1080003200	23	255
1080003300	24.7	221
1080003400	15.4	356
1080003700	27.3	280
1080003800	22.3	344
1080003900	24.4	231
1080004000	21.8	260
1080004300	17.2	142
1080004400	17	143
1080004500	26	42
1080005100	24.1	146
1080005200	12.3	284
1080005300	20	65
1080006700	25	77
1080007400	25.7	29
1080007704	8	80
1080008000	16.9	25
1080008100	21.8	81
1080008300	20.6	60
1080008400	12	102
1080008900	14.2	80
1080009100	12.9	120
1080009300	24.4	48
1080009400	8.7	132
1080009700	15.9	166
1080009800	19.1	138
1080009900	12	71
1080010000	14.8	58
1080010400	16.8	176
1080010600	15.9	56
1080010700	10	156
1080010900	6	325
1080011200	16.5	131
1080011300	18.4	100
1080011400	11.9	155
1080011500	16	195
1080011600	20	155
1080011900	20.1	154
1080012200	55.6	76
1080012500	17.5	187
1080012600	23.6	140
1080012900	17.3	231
1080013000	19.7	201
1080013100	26.3	100
1080013300	22.6	254
1090000100	14.2	99
1090000200	22	65
1090000300	21	130
1090000400	24.1	114
1090000500	31	82
1090000600	24.1	105
1090000700	18.3	113
1090000800	18.8	110
1090000903	19	31
1090001001	15	122
1090001002	15	23
1090001003	15	40
1090001100	20	91
1090001600	14	92
1090001700	15.9	98
1090001800	30.3	52
1090002000	29.9	51
1090002300	29.9	41
1090002600	18	63
1090002700	16	99
1090002800	23.5	68
1090003400	24	70
1090003700	25.6	84
1090003800	21.6	99
1090004100	14.5	117
1090004200	24.6	68
1090004500	14	208
1090004700	19	92
1090004800	15	114
1090005000	14.4	54
1090005100	19	128
1090005400	14.7	113
1090005900	28.5	53
1090006000	22.9	66
1090006900	4	155
1090007100	19.7	120
1090007200	14.6	162
1090007300	17.5	162
1090007400	19.6	144
1090007700	10.1	215
1090007800	7	317
1090008100	25.3	180
1090008200	26.1	174
1090008300	9.8	155
1090008400	17.3	88
1090008500	33	76
1090008600	25.1	102
1090008700	13	178
1090009000	25.2	104
1090009100	17.8	92
1090009200	22.9	71
1090009300	16	110
1090009400	11.5	154
1090009500	16.4	100
1090009700	17	135
1090009800	23.8	97
1090009900	24.2	55
1090010000	28.5	47
1090010200	13	66
1090010300	15.6	102
1090010400	26	62
1090010700	17	66
1090010900	14	122
1090011000	30.7	56
1090011100	23.9	128
1090011200	15	200
1090011500	19.7	173
1090011600	16	213
1090011800	21	123
1090012000	16.9	101
1090012100	18.9	203
1090012200	18	211
1090012500	19	182
1090012600	14	246
1090012700	22.5	167
1090012800	21.1	178
1090012900	19	123
1090013400	6.6	151
1090017100	20	58
1090017200	20	58
1090017500	20	21
1090017600	24.2	17
1090020900	20	201
1090021000	20	198
1090047701	72	11
1090047801	72	81
1090048001	74	74
1100000300	22.4	146
1100000500	67	109
1100000600	78	95
1100000700	21.1	68
1100000900	24.5	75
1100001500	11	106
1100001700	25.5	40
1100002000	19	181
1100002100	23	45
1100002700	25.4	59
1100002800	20.9	71
1100003200	12.8	79
1100003500	20.9	56
1100004000	20.2	26
1100004300	18.6	122
1100004400	19.8	115
1100004800	13	155
1100005100	18.9	60
1100005200	6	188
1100005400	13	394
1100005500	22	59
1100005800	13.6	231
1100006100	12	99
1100006200	18	66
1100006300	10	69
1100006500	19.7	172
1100006600	29.2	116
1100006700	44	98
1100006800	67	64
1100007000	56	18
1100007900	13.3	76
1100008100	28.9	70
1100008200	13.4	150
1100008300	13	299
1100008400	18	219
1100008500	27.5	116
1100008800	20	162
1100008900	13.9	234
1100009000	19	170
1100009200	8.7	113
1100009300	15	234
1100009400	13	270
1100009700	13.9	193
1100009800	30	89
1100010100	15	86
1100010500	8.7	55
1100010600	9	53
1100010700	4	376
1100010800	3	503
1100011000	12	254
1100011100	19	211
1100011700	19.9	55
1100011800	14	77
1100012100	13	79
1100012300	21	102
1100012400	21.4	100
1100012700	20.3	72
1100012800	24.8	59
1100012900	29.3	553
1100013600	31.3	21
1100013700	31.8	124
1100013800	36	109
1100014500	44.3	28
1100014700	17.9	77
1100014800	24.9	54
1100015900	10	144
1100016300	9.1	92
1100016400	12.6	66
1100016700	25	31
1100016800	21.4	35
1100016900	38.6	44
1100017000	22.6	76
1100017100	16.1	61
1100017200	16.4	61
1100017300	16.4	57
1100017400	17	55
1100018300	23	44
1100018400	11	93
1100019100	20.6	106
1100019200	15	143
1100019300	21	49
1100019700	25.5	92
1100019800	26.1	91
1100020800	21	119
1100020900	12	87
1100021000	18	58
1100021500	11	77
1100022000	25	38
1100022600	16	43
1100022700	15.7	97
1100022800	8.4	181
1100023000	31	27
1100023900	10	81
1100024100	35.3	37
1100024200	19	69
1100024400	10	101
1100024500	21	56
1100024600	16	73
1100025700	14.4	132
1100025800	13.7	139
1100026100	18.1	65
1100026200	11.5	102
1100026300	11	94
1100026400	10	103
1100026900	18.1	77
1100027100	10	140
1100027200	14.4	98
1100027300	14.8	91
1100027700	22.1	40
1100028100	15.7	108
1100028200	27.7	61
1100028300	12.3	109
1100028700	10.1	179
1100028900	18.7	190
1100029000	17.2	214
1100029100	21.6	53
1100029200	30.5	38
1100029500	10	211
1100029600	20.5	103
1100029800	9	192
1100030000	20.3	63
1100030400	8.8	63
1100030500	25.2	74
1100030600	14	137
1100030700	12.1	73
1100030900	8.9	189
1100031000	17	100
1100031200	14.5	84
1100031500	23.9	55
1100031600	18.5	73
1100031800	21.6	102
1100032000	15	63
1100032100	22.6	89
1100032200	14.2	142
1100032500	19.4	89
1100032600	21.7	80
1100033000	10	272
1100033500	13	127
1100033800	19	55
1100034100	19	183
1100034200	31.9	109
1100034400	22.1	149
1100034900	24.6	158
1100035000	15	254
1100035100	15	134
1100035300	13	137
1100035400	16	115
1100035600	23	91
1100035700	25.3	199
1100047400	29	50
1100048400	26	16
1100050400	18	115
1100176501	60	6
1100176601	60	32
1110000100	33.6	25
1110000300	20.6	105
1110000400	32.2	67
1110000500	24.9	77
1110000900	17.8	148
1110001000	24.4	108
1110001100	19.9	137
1110001300	20.4	113
1110001400	16.3	141
1110001500	13.8	254
1110001600	16.8	205
1110001700	21.8	153
1110001800	31.8	105
1110001900	23.3	140
1110002000	15.3	212
1110002100	26	138
1110002200	20.7	175
1110002400	45	37
1110002900	25	50
1110003000	20.8	60
1110003300	22	81
1110003400	17.9	99
1110004000	20	164
1110004700	20.4	120
1110004900	17.9	74
1110005500	16	46
1110005700	18.3	157
1110005800	15	192
1110006200	13	70
1110006600	24.4	59
1110006700	18.9	81
1110006800	18.3	83
1110007500	28	16
1110007600	28.7	16
1110007700	11.4	62
1110007900	21	142
1110008000	31	96
1110008104	20	59
1110008106	20	107
1110008201	15	48
1110008203	15	62
1110008205	15.6	138
1110008500	15.3	143
1110008600	14.5	150
1110008800	21.8	73
1110008900	24.8	111
1110009000	22.2	125
1110009100	23.9	157
1110009200	20.4	182
1110009300	17	177
1110009400	19	159
1110009600	15	30
1110009700	22.1	92
1110009800	31	68
1110010000	23	83
1110010100	22.7	131
1110010200	22	135
1110011400	28.8	59
1110011900	15	222
1110012100	18	58
1110012600	18.6	79
1110012800	11	273
1110012900	19.6	106
1110013100	22.6	84
1110013200	21.5	88
1110013300	23	137
1110013400	27	116
1110013500	12	430
1110013600	14.6	356
1110013800	12.3	180
1110013900	16.3	116
1110014000	22	87
1110014100	13	473
1110014200	13.6	452
1110014500	31	55
1110014600	18	96
1110014800	17	83
1110014900	22.2	165
1110015000	19	192
1110015300	12.9	372
1110015400	16.2	297
1110015500	26	69
1110015600	25	72
1110016000	23	108
1110016100	24.1	397
1110016200	16.9	566
1120000100	7.1	135
1120000200	19.4	50
1120000300	18.3	180
1120000400	24.5	134
1120000900	22.4	137
1120001000	10.2	301
1120001300	24	324
1120001400	63	124
1120001700	72	88
1120001800	25	301
1120002801	21.8	46
1120003300	15	76
1120004100	22.7	91
1120004200	19.6	106
1120004300	7.9	258
1120004500	18.7	177
1120004600	17.3	184
1120004800	15.4	167
1120004900	8.1	277
1120005000	25.2	131
1120005100	25.8	152
1120005400	17.2	107
1120005700	25.4	53
1120006100	21.4	83
1120006300	35.6	145
1120006400	33.4	154
1120006500	21.8	146
1120006600	24	133
1120007000	25.3	108
1120007100	17.3	198
1120007200	23.8	145
1120007700	9	180
1120007800	8	203
1120008100	16.5	182
1120008200	12	249
1120008500	23.4	69
1120008600	25.5	63
1120008700	14	133
1120008800	10	186
1120009100	11	143
1120009200	15	104
1120009400	17	106
1120009500	22	74
1120009900	12	151
1120010400	29.6	54
1120010500	25.5	277
1120010600	10.4	681
1120010700	13	122
1120011100	18.2	178
1120011200	16.5	195
1120011500	26.6	68
1120011700	12.1	199
1120011800	24	100
1120012000	16	134
1120012300	17.7	71
1120012400	10	126
1120012500	20.2	106
1120012600	15.3	139
1120012700	16	253
1120012800	22	185
1120012900	25.8	100
1120013100	27.2	181
1120013400	19.6	139
1120013500	21.5	131
1120013600	21.5	133
1120013700	26.6	160
1120013800	28.9	148
1120013900	25	213
1120014000	16.2	329
1120019701	14.5	271
1120019702	23.8	168
1120021200	26.3	165
1120021300	22.4	197
1120022300	21	98
1120022400	17	118
1120036100	20.5	68
1120036200	23.3	60
1130000100	47.7	27
1130000200	41.7	31
1130000400	16	144
1130000500	20.4	101
1130000600	23.7	87
1130000800	16	181
1130001000	22	276
1130001100	14.4	50
1130001200	12.6	58
1130001400	22	61
1130001500	38.8	51
1130001600	26.1	75
1130001700	9.2	510
1130001800	27.7	170
1130002100	19.7	104
1130002200	16.9	122
1130002400	27	82
1130002500	10	146
1130002600	16.9	86
1130002800	22.4	56
1130003000	21.5	83
1130003200	16.3	124
1130003400	27	50
1130003700	11.8	182
1130003800	16.4	130
1130004200	37.9	58
1130005002	43	18
1130005003	31	29
1130005400	53	67
1130005800	53	71
1130006200	15	126
1130006500	41	140
1130006600	69	110
1130007700	8	167
1130007800	13	103
1130008000	23	40
1130008100	18	88
1130008500	26.8	55
1130008600	15	98
1130008900	11	144
1130009000	12	132
1130009100	12	114
1130009300	5	247
1130009400	24.8	50
1130009601	21.7	71
1130009700	19	70
1130009800	20	61
1130010000	12.3	130
1130010300	44.8	41
1130010500	21	87
1130010600	14.5	124
1130010700	25.8	68
1130010800	20	88
1130011000	20.3	162
1130011300	13	62
1130011400	25.6	32
1130011500	23	91
1130011600	28.2	75
1130011700	17	36
1130012000	33.1	16
1130012200	15.3	26
1130012300	21	128
1130012400	27	99
1130012500	20.9	152
1130012800	31.2	44
1130013000	23	42
1130013100	10	118
1130013200	20.1	59
1130013500	17.6	121
1130013700	25.2	75
1130014100	11	189
1130014200	21.8	95
1130014300	28	31
1130014600	10.2	92
1130014700	13	305
1130014800	15.8	251
1130014900	29.8	73
1130015000	11.7	184
1130015300	16.4	128
1130015400	13	163
1130015800	22.5	53
1130016000	2	639
1130016100	22.5	68
1130016200	22	69
1130016400	16	156
1130016500	19.4	68
1130016600	20.3	65
1130016700	14.4	111
1130017000	13.2	34
1130017400	21	48
1130017700	11	76
1130018100	12.7	243
1130018200	15.5	199
1130018300	32.5	60
1130018400	21.9	91
1130018500	12.2	179
1130018600	19	115
1130018900	11	119
1130019000	18.8	71
1130019200	17.7	136
1130019300	24.1	65
1130019501	17.6	113
1130019502	20.5	75
1130019700	14	138
1130019900	22.7	108
1130020200	25.9	15
1130020600	14.4	185
1130020900	35	24
1130021000	21.8	39
1130021100	26.5	102
1130021300	17	294
1130021500	21.5	119
1130021600	16.8	154
1130022000	22.4	36
1130022200	29.2	74
1130022800	25.2	83
1130023000	23	54
1130023100	15	163
1130023300	39.1	71
1130023400	31.9	86
1130023600	15.4	147
1130023900	23.2	247
1130024700	29.9	33
1130024800	13	77
1130025000	22	43
1130025200	50	44
1130025400	16	131
1130025500	26.6	96
1130025600	22.9	111
1130025900	25.3	45
1130026000	27	42
1130026301	29	27
1130026401	21	38
1130026500	19.7	36
1130026600	34.7	21
1130026700	23	108
1130026800	26.1	96
1130027100	6	200
1130027200	14	86
1130027300	42	44
1130027400	10	184
1130027700	28.4	78
1130027800	33.9	66
1130027900	14	159
1130028000	24.5	90
1130028100	30.7	96
1130028300	30.4	38
1130028400	19.2	60
1130029100	20.1	49
1130029300	21.4	47
1130029400	28.1	36
1130029700	19.9	62
1130029800	25.5	49
1130030800	19.4	93
1130030900	15.9	112
1130032100	15.7	14
1130032200	24.3	9
1130072000	25	49
1130072100	15.5	79
1140000300	28.2	85
1140000400	29.4	82
1140000500	20.9	293
1140000600	25.1	242
1140000700	21.1	315
1140000800	27.8	239
1140000900	10.9	79
1140001000	31.8	27
1140001300	22	147
1140001400	22.9	141
1140001900	22.1	204
1140002000	21.7	208
1140002500	31.6	52
1140002600	16	103
1140003300	22.3	150
1140003400	25.9	129
1140004300	28.2	34
1140005300	24.6	73
1140006100	16.2	59
1140006400	24.3	28
1140006500	17	114
1140006600	16.8	115
1140007100	30.8	11
1140007300	21.3	70
1140007400	21.5	69
1140007600	24.2	18
1140007900	19.3	18
1140008700	24	29
1140009200	20.6	40
1140009300	33.4	7
1140009500	19.8	97
1140010300	13.4	150
1140010400	22	92
1140011100	25.2	14
1140011400	16.4	102
1140011800	31.7	17
1140012300	16.1	77
1140012400	14.9	84
1140012500	37.6	52
1140012900	24.6	35
1140013400	24.8	20
1140013700	33	25
1140013800	12	68
1140014300	14	92
1140014400	20.1	63
1140014500	14	127
1140014600	10	177
1140015000	23.7	141
1140015200	28.9	31
1140015700	25.4	34
1140016100	25.8	123
1140016200	23	135
1140016500	43.6	19
1140016900	15.4	169
1140017100	9.1	222
1140017200	31.4	65
1140017300	11	78
1140017400	12.1	71
1140017800	19.2	40
1140017900	33.4	18
1140018100	18	83
1140018300	27.3	28
1140018500	14.1	103
1140018600	35	42
1140019200	25.5	24
1140019400	10.6	411
1140019600	10.1	55
1140020000	14.5	46
1140020500	23.9	26
1140020700	16.7	133
1140020800	34.5	64
1140020900	27.3	21
1140021300	18.7	34
1140021700	23	18
1140022000	34.1	21
1140022100	33.2	138
1140022200	45	77
1140022400	17	23
1140022500	15.5	278
1140023100	23	12
1140023300	18.6	98
1140023400	14.8	123
1140023500	34	20
1140024000	17	16
1140024100	12.6	116
1140024200	13.3	110
1140024500	23	13
1140025200	18	56
1140026400	5.1	231
1140026600	17	25
1140026700	18.8	160
1140027000	32.5	19
1140027300	14	133
1140027400	19.7	94
1140027500	33.3	9
1140027800	29.9	42
1140028400	34	105
1140030100	30	48
1140030600	25.8	35
1140030700	22.8	123
1140030800	20.3	138
1140031500	15	29
1140032500	24.3	87
1140033000	32.2	15
1140033100	16	98
1140033400	18	117
1140033800	33.7	11
1140034400	36	10
1140034600	38.1	9
1140034700	17.2	111
1140034800	25.7	74
1140035100	33.4	28
1140035700	18	30
1140035900	26	15
1140036400	22	71
1140036500	15.4	46
1140037300	17	71
1140037500	19.9	44
1140038100	18.9	250
1140038700	21	92
1140038901	13	119
1140038903	25	48
1140039001	18	86
1140039100	33.6	65
1140039400	14	73
1140039700	12.1	487
1140039800	26.4	224
1140039900	23.9	71
1140040100	19.6	63
1140040500	49	71
1140041000	36.7	125
1140282091	69	112
1140282092	75	96
1140282093	66	100
1140282191	70	94
1140282193	30	258
1140284591	81	90
1140284595	60	68
1150000300	32.2	95
1150000400	8.2	371
1150000500	14.2	243
1150000600	27.1	128
1150000900	25.4	33
1150001000	22.7	37
1150001100	35	53
1150001200	13	141
1150001300	8.7	303
1150001400	17.9	148
1150001500	22.5	84
1150001600	19.1	99
1150001700	25.7	78
1150001800	7.6	267
1150002000	17	214
1150002100	21.3	54
1150002200	8	143
1150002300	26	258
1150002500	6.8	194
1150002600	26.4	50
1150002700	15	73
1150002800	17.4	63
1150002900	17	170
1150003000	21	138
1150003100	60	95
1150003300	13.9	513
1150003400	23.7	301
1150003500	17.4	145
1150003600	12	212
1150003800	12	101
1150003900	14	120
1150004000	21	80
1150004100	28.2	131
1150004200	26.1	142
1150004500	60	141
1150004800	40	21
1150005100	18	57
1150005200	40	26
1150006500	71	32
1150007500	14.5	200
1150007600	29	36
1150007800	10.4	502
1150008400	17	122
1150008500	12	172
1150008600	15.7	145
1150008700	31.2	73
1150008800	15	60
1150009100	28	66
1150009200	14	151
1150009800	20	388
1150009900	21.2	365
1150010000	11.5	218
1150010200	11.7	253
1150010300	19.3	152
1150010400	11.2	661
1150010500	18.4	401
1150011000	28.7	111
1150011200	17.5	158
1150011300	18.9	146
1150011400	17.3	129
1150011500	33.7	95
1150011600	16.2	296
1150011700	14.7	327
1150011900	24.8	73
1150012000	7	338
1150012100	16.5	140
1150012200	15	82
1150012300	12.8	96
1150012400	15.7	98
1150012500	17.4	89
1150012600	41.4	80
1150012700	33.8	98
1150012900	10.9	98
1150013200	11	203
1150013300	10.5	213
1150013400	8.3	178
1150013500	16.1	92
1150013600	17.8	187
1150013700	21.4	156
1150013800	18	108
1150013900	11	177
1150014000	8	133
1150014100	12	89
1150014200	13.2	146
1150014300	14.6	132
1150014400	19.1	112
1150014500	23.2	92
1150014600	27.2	32
1150014800	31.1	78
1150014900	42.9	57
1150015100	31.5	10
1150015600	17	85
1150015700	12	120
1150015900	23	94
1150016000	9	124
1150016100	16	70
1150016300	22	53
1150016500	48	38
1150016600	31.4	79
1150016800	22.4	121
1150016900	22.5	120
1150017000	24.5	87
1150017100	12.9	166
1150017200	11	122
1150017400	27.2	46
1150017500	14	90
1150017900	8	128
1150018200	19	109
1150018300	20	104
1150018400	18	181
1150018500	16	205
1150018600	8.1	127
1150018700	14.5	71
1150018800	28	61
1150019100	21	89
1150019200	36.1	55
1150019300	13	154
1150019400	26	90
1150019500	16	146
1150019600	10	52
1150019900	25.7	62
1150020000	8.2	130
1150020200	11	102
1150020400	10	118
1150020500	24.3	48
1150020600	11	94
1150020700	10	103
1150020800	20.4	70
1150020900	13	110
1150021200	10	102
1150021300	29	35
1150021800	7.1	79
1150021900	27.6	21
1150044500	27.9	112
1150044600	23.5	131
1150058800	25.5	94
1150058900	15.5	155
1150086600	15.9	225
1150086700	16.8	214
1150162300	17	111
1150162400	24.9	76
1150162600	18	50
1150162701	28.5	86
1150162801	29.6	83
1150342300	18.4	127
1150342400	17.4	136
1160000200	25	24
1160000400	29	97
1160000500	22.5	75
1160000700	26.5	35
1160000800	22.9	41
1160001000	26.5	14
1160001200	31	90
1160001300	15.3	182
1160001400	26.4	105
1160001500	11.1	266
1160001600	15	198
1160001700	14.5	176
1160001800	33.1	77
1160002100	9.3	159
1160002200	20	72
1160002300	19.1	161
1160002400	29.5	105
1160002600	26.5	131
1160002700	21.5	207
1160002800	20.3	219
1160003200	22.3	192
1160003700	19.9	374
1160003800	23.9	311
1160003900	4	296
1160004000	14	85
1160004300	38	43
1160004400	23.3	70
1160004700	26.4	18
1160004800	19	25
1160004900	16	141
1160005000	22.9	97
1160005400	16.6	81
1160005500	31.7	34
1160005600	9.7	110
1160006700	9	153
1160006800	17.7	78
1160007000	39	13
1160007200	20	117
1160007300	13.7	228
1160007400	17.1	183
1160007500	28.1	116
1160007700	20.9	95
1160007800	13.6	144
1160007900	13.9	282
1160008000	22.8	173
1160008200	34	97
1160008300	23.8	112
1160008500	22.7	43
1160008600	10.4	94
1160008700	24	34
1160009000	10	103
1160009100	40	44
1160009200	41	43
1160009300	14	166
1160009500	50.6	122
1160009600	27.8	222
1160009700	24	67
1160010000	33	44
1160010500	13.3	146
1160010600	10	195
1160010900	41.4	50
1160011000	14	147
1160011100	24	98
1160011200	23.7	100
1160011300	25	56
1160011400	17.5	80
1160011600	17	112
1160011700	9	198
1160011800	24.7	72
1160012300	15.8	129
1160012400	12.3	166
1160012500	12.2	131
1160012700	17.2	44
1160012901	14.9	19
1160012902	20.1	21
1160012903	25.3	18
1160012904	35.8	9
1160013003	24	26
1160013004	24	14
1160013100	17	242
1160013200	13	312
1160013400	7	223
1160013700	35	19
1160013800	22	30
1160013900	24	71
1160014100	17.5	154
1160014200	21.5	126
1160014700	29	43
1160014800	9	138
1160014901	25.5	7
1160014902	13	73
1160014903	13	35
1160015003	13	67
1160015200	19	53
1160015300	15	318
1160015400	22.7	210
1160015500	27	72
1160015700	29.5	142
1160015900	18	129
1160016000	21.7	107
1160016100	16.3	199
1160016200	23.5	138
1160016400	44.8	61
1160016500	30	37
1160016600	22.6	49
1160049100	34	33
1160074200	25.2	52
1160074300	27.5	48
1170000100	18	218
1170000200	16	246
1170000500	24.5	108
1170000600	20.2	131
1170000700	9	285
1170000800	12	214
1170001200	27.9	317
1170002000	12.5	166
1170002100	19.5	294
1170002200	14.1	400
1170002500	26.4	463
1170002600	25.7	475
1170002700	13.5	440
1170002800	20.8	286
1170002900	18.2	266
1170003000	16.6	291
1170003300	21	27
1170003400	15	37
1170003500	11	116
1170003600	9	142
1170003800	14.7	128
1170004100	21	67
1170004200	16	88
1170004300	8.9	138
1170004600	30	57
1170004800	19	92
1170005100	20.5	161
1170005200	21.5	153
1170005400	28	54
1170005700	18	83
1170005800	52.5	28
1170005900	23.8	65
1170006100	21.5	73
1170006200	34	46
1170006500	20.7	106
1170006700	24	63
1170006800	12	126
1170006900	22	69
1170007000	40.5	38
1170007100	16.8	255
1170007200	12.2	349
1170007300	14.9	202
1170007400	33.5	90
1170007500	21.6	55
1170007600	19.4	61
1170007700	24.2	90
1170007800	10	227
1170008300	19	199
1170008700	18.7	81
1170008800	24.6	61
1170008900	19	77
1170009100	16	94
1170009200	46.4	32
1170009500	28.6	68
1170009600	17.3	113
1170009900	16.4	167
1170010000	20.3	138
1170010100	9	167
1170010200	15	100
1170010300	17	88
1170010400	12	125
1170010700	9	129
1170010800	20.8	56
1170010900	17	75
1170011000	15	86
1170014600	34	20
1170017000	34	39
1170018900	12	128
1179910030	80	125
1179920110	93	11
1180000800	21.3	153
1180001400	30.3	99
1180001800	37.6	46
1180001900	21.5	81
1180002000	23.6	74
1180002200	29.2	138
1180002300	29.6	48
1180003000	32.5	127
1180003500	35.5	41
1180004000	53	32
1180004300	41.3	48
1180004600	35.5	48
1180006000	22.4	102
1180006100	21.3	107
1180006200	12	142
1180006300	12.5	135
1180006400	7.5	233
1180006500	22.8	77
1180006600	11.6	129
1180006700	13.6	111
1180006800	15	186
1180006900	17.1	161
1180007100	29	68
1180007300	29.2	53
1180007400	20.9	168
1180007500	21.6	161
1180007600	21.6	99
1180007700	24.2	88
1180007900	11.4	97
1180008600	22	46
1180009300	17.3	211
1180010100	31.8	53
1180010200	13.7	129
1180010300	26.1	67
1180010400	24.7	74
1180010500	14.8	123
1180010600	14.8	166
1180010700	12.8	193
1180010900	18.4	52
1180011000	28.1	43
1180011200	24.1	149
1180011300	21.4	167
1180011500	16.9	48
1180011600	29.8	38
1180011700	27.5	42
1180011800	14.5	186
1180011900	18.7	143
1180012100	21	59
1180012200	16	91
1180012300	39.5	37
1180012700	18.3	107
1180012800	24.4	122
1180012900	28	106
1180013000	17.6	70
1180013100	32.1	39
1180013300	20.3	161
1180013401	25.4	20
1180013402	30.5	37
1180013501	11	47
1180013502	22.7	50
1180014000	24.7	130
1180014100	17	191
1180014400	34.9	47
1180014800	65	26
1180014900	48.1	36
1180015000	29.7	74
1180015200	18.2	67
1180015300	12	102
1180015800	8.4	60
1180015900	12	42
1180016000	28.2	155
1180016100	18.9	230
1180016200	22	131
1180016300	18.6	154
1180016700	10	192
1180016800	39.1	23
1180017000	29.7	86
1180017100	33.4	76
1180017200	28.7	31
1180017300	23.8	37
1180017400	23.3	75
1180017500	14.5	120
1180017900	17.6	80
1180018000	8	91
1180018400	21	146
1180018500	26.2	142
1180018600	12.3	230
1180018800	20	72
1180018900	17	84
1180019100	16.9	70
1180019200	11.1	165
1180019300	19.1	95
1180019400	15	72
1180019500	13.5	80
1180019600	18.3	110
1180019700	16.8	121
1180019800	10.8	111
1180019900	15.3	80
1180020500	13.1	63
1180020600	10	249
1180020700	9	278
1180020800	11	98
1180020900	14	77
1180021200	19	95
1180021300	10	181
1180021400	14	62
1180021500	11.5	74
1180021600	10.9	132
1180021700	12	120
1180021800	24.7	39
1180021900	15.9	61
1180022100	24.3	55
1180022300	16.2	76
1180022500	13.8	84
1180023000	7.9	139
1180023200	25.2	70
1180023400	10.9	89
1180023500	22.2	44
1180023600	14.6	75
1180023700	19	57
1180023800	10.2	195
1180024000	14	69
1180024100	7.7	127
1180024200	14.2	127
1180024300	18.1	100
1180024800	18	139
1180024900	22.8	110
1180025200	14.6	99
1180025300	17	84
1180025600	18.7	58
1180026000	10.6	124
1180026100	34.6	38
1180026200	12	90
1180026600	26.2	44
1180026800	19.6	67
1180026900	35.8	37
1180027200	11	164
1180027300	12	150
1180027400	31.7	34
1180027500	17.3	63
1180027600	22.2	51
1180028000	25.4	45
1180028100	12	95
1180028400	13.7	79
1180028500	9	120
1180028600	13.5	134
1180028700	10.3	175
1180028801	12.4	84
1180029000	16.2	75
1180029100	17	71
1180029300	23.9	71
1180029400	12	120
1180029500	10.6	135
1180030300	18.9	70
1180030600	17	50
1180030800	27.7	42
1180031000	21	71
1180031200	28	19
1180031300	22	24
1180031800	28.7	68
1180031900	30	65
1180032000	17.8	64
1180032100	24.1	47
1180032200	22.6	76
1180032400	15	78
1180032500	9	131
1180032600	9	234
1180032700	15.1	138
1180033000	31.4	36
1180033100	17.1	66
1180033200	24.5	56
1180033300	26.3	52
1180033400	10.3	130
1180033600	17.3	101
1180033700	15	116
1180034200	24	127
1180034600	19.9	45
1180034801	20	27
1180035000	15	96
1180035100	29.2	49
1180036101	27.9	19
1180036200	24.4	24
1180036400	27.2	69
1180036500	23.8	79
1180036700	22.5	75
1180037300	18	76
1180037600	17	86
1180037700	28.2	52
1180038100	29.5	137
1180038200	21	69
1180038300	11	132
1180038400	26.9	54
1180038500	26.2	55
1180038600	21	89
1180039000	32.9	123
1180039600	15	97
1180040100	27.3	56
1180040400	12	122
1180040500	10.8	135
1180040900	39.3	29
1180041200	8	128
1180041300	23	44
1180041600	35.5	79
1180041700	44	62
1180060100	21	41
1180061600	23	31
1180063500	27	52
1180132401	60	49
1190000100	70	176
1190000500	21	557
1190000700	27.9	237
1190000800	21.4	311
1190001300	18.7	31
1190001500	17.5	207
1190001600	20.5	176
1190001700	13.5	187
1190001800	11.4	220
1190001900	21.3	97
1190002000	17.8	115
1190002100	10	303
1190002300	16.3	260
1190002400	11.9	358
1190003200	17.5	47
1190003300	19.5	113
1190003400	16	140
1190003500	23.4	204
1190003600	25.2	190
1190003704	13	84
1190003706	18	29
1190003707	18	30
1190003803	22.7	64
1190003804	10.5	104
1190003805	18	14
1190003806	11.7	17
1190004300	27.6	122
1190004400	37.2	91
1190004600	22	156
1190005100	19.3	169
1190005300	8.3	116
1190005400	26	38
1190005700	19	110
1190005800	22	95
1190005900	30.6	87
1190006000	19	141
1190006100	33.2	47
1190006200	39.4	39
1190006400	15	86
1190006500	42.9	36
1190006800	44.7	140
1190007100	26.2	173
1190007300	41.7	44
1190008000	21.3	106
1190008100	22.9	98
1200000500	21.5	236
1200000600	21.7	231
1200000700	29.2	183
1200000800	24.8	223
1200000900	19.5	286
1200001000	12	469
1200001300	14.5	192
1200001400	25.1	111
1200001500	28.5	225
1200001600	24.3	263
1200001900	32	27
1200002000	19.8	44
1200002200	31	133
1200002700	32.2	50
1200002800	8.4	194
1200002900	19	272
1200003000	13.9	371
1200003100	18.8	89
1200003300	24.1	43
1200003400	11.1	94
1200003500	22.7	81
1200003600	9.1	185
1200003900	21.2	163
1200004000	23.3	149
1200004500	10.2	123
1200004600	15	83
1200004700	7.6	272
1200004800	32.9	63
1200005100	16	120
1200005200	11	174
1200005500	6	363
1200005600	30.7	71
1200005700	24.1	155
1200005800	28.4	131
1200005900	25.5	161
1200006000	29.1	141
1200006200	15	81
1200006300	14.1	51
1200006700	11.2	153
1200006800	28.4	60
1200007000	28.1	151
1200007100	28.8	42
1200007600	33	28
1200007700	26	78
1200007900	10.9	134
1200008000	28.1	52
1200008100	12	137
1200008200	17.8	92
1200008900	32.3	65
1200009000	15.3	135
1200009400	13	69
1200009500	17	233
1200009600	19.6	199
1200009700	24.8	120
1200009800	19.2	155
1200010000	10.9	196
1200010100	27.9	92
1200010200	13.8	188
1200010300	30	222
1200010400	37	184
1200010600	21.3	106
1200010800	26.5	72
1200011200	15.2	90
1200011300	19.4	91
1200011400	24.5	72
1200011500	21.8	208
1200011600	23.4	195
1200011700	12.1	109
1200012300	20.7	254
1200012400	18.1	289
1200012500	23.1	127
1200012600	16.5	179
1209910040	75	100
1209910060	78	84
1209910080	83	24
1209920050	75	89
1209920060	69	71
1209920080	74	111
1210000300	18	91
1210000400	67	25
1210000701	20.4	532
1210000800	79.8	13
1210000900	21.8	76
1210001100	22.4	13
1210001700	28.4	60
1210001900	68	32
1210002600	17.6	26
1210002700	24.6	140
1210002800	30.2	114
1210003000	68	106
1210003500	29.6	52
1210003800	24	64
1210003900	39	51
1210004000	43	46
1210004100	39	183
1210004200	43	166
1210004300	75	22
1210004700	11	247
1210005000	75	62
1210005100	7	681
1210005200	25	303
1210005400	73	108
1210006800	29.3	401
1210006900	25.6	457
1210007000	27.7	401
1210007100	28.9	384
1210007400	23.3	249
1210007500	24	239
1210007600	29.9	52
1210007900	19.8	441
1210008000	16	503
1210008100	18.8	429
1210008800	58.7	164
1210008900	60.3	160
1210009201	9	117
1210009202	9	133
1210009203	9	89
1210009301	11	96
1210009302	11	107
1210009303	11	74
1210009400	19.3	85
1210009900	22	241
1210010000	15.5	199
1210010700	19	146
1210010900	31.8	45
1210011000	22.4	86
1210011100	34.1	56
1210011800	15	191
1210011900	23	124
1210012200	25.3	124
1210012300	26.6	117
1210012400	29.3	79
1210012500	24.3	95
1210012800	23.6	94
1210012900	18	122
1210013100	39.9	35
1210013200	12.3	288
1210013300	15.8	224
1210013400	10.9	155
1210013600	17.3	174
1210013700	22.2	137
1210014200	14.4	130
1210014300	25.8	72
1210014400	15.8	301
1210014500	22	215
1210014800	21	109
1210014900	20.2	113
1210015000	16.1	80
1210015100	13.7	94
1210015300	30	14
1210015400	11.4	119
1210015500	28.6	47
1210015600	14.6	191
1210015700	14	199
1210015800	12.2	130
1210015900	13	122
1210016000	17.6	71
1210016200	17.9	135
1210016300	25.7	95
1210016400	15	126
1210016500	12	159
1210016600	11.1	132
1210016800	21.4	154
1210016900	20.6	160
1210017000	19.2	212
1210017100	22	185
1210017200	15.7	87
1210017300	19.4	71
1210017400	17.6	88
1210017500	11	141
1210017600	13.4	165
1210017700	15.6	141
1210017800	23.1	157
1210017900	30.7	118
1210018200	11	104
1210018400	15.3	136
1210018500	18.2	115
1210018600	12.7	117
1210018700	8	186
1210018800	12.5	184
1210018900	22.5	102
1210019100	17	240
1210019400	15.9	136
1210019500	23.1	93
1210019700	25.9	44
1210020000	22.1	52
1210020100	10	116
1210020200	7.2	286
1210020300	17	121
1210020800	12.7	165
1210020900	9.7	216
1210021000	15.2	236
1210021100	26.6	135
1210021200	15.4	159
1210021300	15.9	152
1210021600	24.3	154
1210021700	28	133
1210021800	15.5	281
1210021900	14.6	298
1210022200	24.3	48
1210022300	8.4	138
1210022400	20	179
1210022500	9.4	383
1210022600	20.4	176
1210022700	22.9	158
1210023000	14.3	195
1210023100	8	351
1210023600	17.2	114
1210023700	25.9	76
1210024000	10	204
1210024100	55	28
1210024200	18.4	261
1210024300	20.3	238
1210024400	31.4	26
1210024500	11.5	73
1210024900	13.5	181
1210025000	22.7	60
1210025100	17.9	76
1210025300	7	139
1210025400	16.3	71
1210025500	14.3	81
1210025800	36.6	75
1210025900	8.2	340
1210026000	13.4	85
1210026400	30.5	51
1210026500	8.2	191
1210026700	25.1	86
1210026800	6.5	141
1210026900	14.5	64
1210027100	32.1	34
1210027200	13.1	113
1210027300	25.3	58
1210027600	30.7	71
1210027700	9.5	230
1210028200	11.2	78
1210028300	30.9	28
1210029000	30.7	73
1210029100	23	97
1210029400	14.8	130
1210029500	21.9	90
1210029600	10	131
1210029700	12.2	107
1210030000	11	183
1210030200	22	111
1210030300	21.4	114
1219910100	80	69
1219910110	85	16
1219920010	81	17
1219920030	79	65
1220000100	25	123
1220000400	19.3	119
1220000500	13.3	166
1220002000	12	82
1220002200	13.2	149
1220002300	18.8	105
1220002700	7.7	239
1220002800	24.5	75
1220003100	17.7	89
1220003200	12.7	125
1220003300	12.3	191
1220003400	19.6	120
1220003800	22	491
1220004100	25.9	98
1220004200	22.6	96
1220004300	20.4	106
1220004400	58	78
1220004800	25.8	25
1220004900	33.8	19
1220005400	14	513
1220005500	10	719
1220005800	35	29
1220006000	25.8	212
1220006300	17	68
1220006400	17.3	132
1220006500	25.6	88
1220006600	25.9	363
1220006700	19.4	486
1220006800	26.4	98
1220007000	20	160
1220007100	16.6	193
1220007500	13	116
1220007800	27	64
1220007900	18.4	93
1220008000	29	128
1220008100	24	150
1220008200	10.8	187
1220008300	16	126
1220008400	16.5	91
1220008500	46	33
1220009000	17	91
1220009100	10.3	150
1220009400	11	154
1220009800	17.3	119
1220010000	25.7	237
1220010100	22.6	269
1220010200	27.3	87
1220010600	12	110
1220010800	12.4	186
1220010900	6.8	339
1220011500	12.8	132
1220011600	25.9	127
1220011700	26.8	123
1220011800	17.1	125
1220011900	24.5	87
1220012000	19.9	161
1220012400	30.4	54
1220012500	13.2	125
1220012700	14	92
1220012800	21.3	107
1220013200	18.1	143
1220013300	23.7	110
1220013400	15.8	175
1220013500	24.9	112
1220013600	9.5	103
1220013800	18.7	135
1220014000	30	53
1220014200	14.6	139
1220014300	16	127
1220014500	38.4	57
1220014800	10	96
1220015400	16.5	72
1220015500	30.5	39
1220016000	13	195
1220016100	10.8	234
1220016200	22	68
1220016300	9.1	164
1220016600	25.7	77
1220016700	18	110
1220016800	27.1	103
1220017000	37.2	79
1220017100	36.9	79
1220017200	23.1	52
1220017300	18.2	66
1220017500	19	63
1220017900	16.5	68
1220018400	18.9	152
1220018500	19	151
1220018600	12.9	89
1220018700	24	48
1220018900	20.5	106
1220019000	13.5	148
1220019100	15.2	131
1220019200	14.9	153
1220019300	16.8	136
1220019400	13	90
1220019500	13.5	86
1220019800	12	123
1220019900	23.1	64
1220020600	15.6	128
1220020700	16.4	121
1220020800	15.1	141
1220020900	28.3	76
1220021000	12.6	168
1220021100	4.3	487
1220021300	11.7	193
1220021400	20.3	90
1220021500	19.7	93
1220021800	9	211
1220021900	19.5	97
1220022300	5	410
1220022500	9.4	294
1220022600	15.5	177
1220022700	26.3	131
1220022800	37.4	92
1220022900	9.2	232
1220023000	21.6	98
1220023100	8.2	222
1220023300	6.9	169
1220023400	28.1	41
1220023500	49.2	29
1220023800	16.3	130
1220023900	26.2	81
1220024000	9.8	205
1220024100	17.7	113
1220024200	14	160
1220024400	34.5	70
1220024600	9	193
1220024700	13.3	131
1220024800	9.1	202
1220024900	20.6	89
1220025000	14.3	195
1220025200	15.6	128
1220025300	9.5	211
1220025400	8.1	332
1220025800	11.9	142
1220025900	23.8	71
1220026000	15.5	137
1220026100	21.8	97
1220026200	12.3	225
1220026300	10.9	254
1220026400	10	223
1220026500	14	160
1220026600	13.9	117
1220026700	14	117
1220026800	16.7	156
1220026900	14.2	183
1220027000	12.1	96
1220027100	27.2	45
1220027200	9.6	333
1220027300	10.3	309
1220027400	11.2	253
1220027500	15.8	179
1220027700	13.2	220
1220027800	6.6	431
1220028000	10.5	213
1220028100	7.6	296
1220028200	7.6	208
1220028400	24.3	48
1220028700	20.9	60
1220028800	9.6	117
1220029100	16.1	113
1220029200	11.6	231
1220029300	16.9	159
1220029500	24.7	55
1220029600	13.7	208
1220029700	19	150
1220029800	21.3	140
1220029900	20.7	143
1220030000	12.9	249
1220030100	18.2	176
1220030400	9.5	338
1220030500	22.1	145
1220030600	8.8	239
1220030900	8.7	258
1220031000	10	288
1220031100	16.6	174
1220031300	10.9	144
1220031400	15.1	137
1220031500	19.8	105
1220031800	16.4	153
1220031900	11	228
1220032000	10.7	188
1220032100	20.6	98
1220032300	11	221
1220032400	22	53
1220032600	13.3	231
1220032700	15.3	201
1220032800	20.5	143
1220032900	11.8	247
1220033000	14.8	171
1220033100	16.9	150
1220033200	16.1	138
1220033300	11.9	187
1220033400	20.5	122
1220033500	16.1	154
1220033700	18.7	105
1220033900	30.3	34
1220034000	18.9	124
1220034200	8.5	215
1220034300	11.3	161
1220034400	15.7	191
1220034500	22.6	133
1220034600	17	155
1220034700	17.5	151
1220034800	26.2	88
1220034900	14.6	158
1220035000	17.7	197
1220035100	9.6	362
1220035200	23.9	130
1220035300	7.1	431
1220035400	15.6	123
1220035500	15.1	127
1220035800	16.6	164
1220035900	15.3	181
1220036000	8.6	222
1220036100	13.2	143
1220036200	13.8	165
1220036300	6.3	363
1220036400	8	142
1220036600	13.5	169
1220036700	47.3	49
1220036800	10.5	143
1220037400	23.7	93
1220043800	23.1	139
1220043900	19.2	167
1230000200	20.6	49
1230000300	32	25
1230000500	23.6	86
1230000600	16	126
1230001300	16.3	174
1230001500	68	162
1230001600	75	147
1230001700	29.6	51
1230001800	22	68
1230001900	25.1	45
1230002200	17.3	99
1230002500	14.1	181
1230002600	34.7	74
1230002700	32.4	65
1230002900	16.7	96
1230003300	26.2	46
1230003600	8.9	112
1230003800	13.9	91
1230004000	69	86
1230004200	44.7	37
1230005600	15.9	73
1230005800	16.3	185
1230005900	33.3	194
1230006000	25.7	250
1230006300	10.9	130
1230006700	19.8	249
1230006800	18	270
1230006900	6	223
1230007000	15	89
1230007100	13	127
1230007400	7.2	221
1230007600	13	82
1230007800	17	116
1230007900	13	160
1230008300	26	124
1230008800	11	125
1230008900	17	96
1230009000	12.9	126
1230009200	29.6	88
1230009300	31	42
1230009500	20.1	129
1230009600	22.6	116
1230009800	16	104
1230009900	20.8	83
1230010600	34.5	55
1230010700	19.1	55
1230010900	13	161
1230011100	20	137
1230011200	13	212
1230011500	25.2	143
1230011700	26.8	74
1230011800	34.5	58
1230011900	32.1	63
1230012000	33.6	60
1230012100	20.1	75
1230012200	20	75
1230012500	20	296
1230012600	14	421
1230012800	16.3	158
1230012900	46.6	50
1230013200	30.3	131
1230013400	14.5	125
1230013500	23	344
1230013700	26	70
1230013800	32.3	57
1230013900	18	84
1230014300	24.3	98
1230014400	18	132
1230014500	23.4	88
1230014600	11	190
1230014700	25.2	97
1230014800	25	99
1230014900	29.1	43
1230015100	12	81
1230015200	26.4	37
1230015800	20.8	78
1230015900	17.8	136
1230016000	34.5	71
1230016100	32.5	29
1230016300	14.3	121
1230016400	15.6	112
1230016500	23.8	125
1230016600	14.4	206
1230016900	12.3	148
1230017000	26	70
1230017200	19.1	182
1230017600	23	100
1230018000	24	79
1230018500	16.6	89
1230018600	13	114
1230018700	27	35
1230018800	19.9	48
1230018900	14.9	193
1230019000	27.6	104
1230019100	21.7	64
1230019200	18.4	75
1230019300	10.1	153
1230019400	24.2	64
1230019600	9.7	154
1230019700	39.3	43
1230019800	20.8	81
1230019900	27.2	57
1230020100	19.1	111
1230020200	16.7	127
1230020400	23.7	102
1230020600	18	120
1230020700	12	218
1230020800	14.9	177
1230020900	31.2	51
1230021000	22	72
1230021300	20.1	100
1230021500	27.1	51
1230021600	18	76
1230021800	20.9	122
1230021900	14.6	90
1230022000	19.9	66
1230022100	23.8	74
1230022200	17.5	100
1230022600	10.3	201
1230023100	31.6	44
1230023300	18.4	77
1230023400	24	59
1230023500	16	92
1230023800	25	75
1230023900	25	86
1230024200	9	74
1230024300	20.1	73
1230024600	21.6	116
1230024700	18	169
1230024800	19.6	156
1230024900	20.6	108
1230025000	24.3	92
1230025100	19.2	121
1230025200	23.3	99
1230025400	23.6	178
1230025800	21.3	116
1230026100	21.1	83
1230026200	40.2	43
1230026700	21.9	123
1230026800	12	224
1230026900	17	110
1230027000	21	89
1230027200	40.5	19
1230027300	16.6	137
1230027400	19.7	115
1230027500	23.9	90
1230027700	17	130
1230027800	19.8	111
1230027900	14.6	50
1230028000	8.3	87
1230028100	38.5	45
1230028200	21.8	80
1230028500	25	87
1230028800	25.4	169
1230029000	34.2	59
1230029200	24.3	86
1230029300	24.2	48
1230029700	7	197
1230029800	9	153
1230029900	13	187
1230030000	17.8	136
1230030400	37	43
1230030900	29	36
1230031300	10	202
1230032200	37.7	26
1230032300	41	47
1230032500	32.3	59
1230033800	24	80
1230033900	36.4	52
1230034000	12.7	98
1230034100	11	113
1230034600	12	126
1230034700	21.5	71
1230034900	26.4	26
1230035000	20	53
1230035300	14	59
1230036000	15.3	77
1230036100	28.2	42
1230036400	16	59
1230036500	9	106
1230036600	19.6	50
1230036900	26.5	37
1230040500	47	33
1230043800	29	54
1230043900	14	109
1230044200	7	122
1230044300	12	71
1230045800	14	26
1230046000	9	74
1230047600	28.1	32
1230047700	12	74
1230048400	17.9	177
1230048500	24.4	130
1230048800	24.6	56
1230048900	9	155
1230049900	32.7	11
1230222600	23	71
1230222800	19	86
1230223100	24	14
1230223300	27.1	108
1230223600	27	109
1230224000	24	21
1230224500	16	81
1230224600	24.3	53
1230229600	24	82
1230229900	5	168
1230230000	26	32
1230233000	15	56
1230251500	23.3	215
1230441302	21.5	74
1230441402	19	83
1230441601	25	66
1230441901	10	99
1230442001	8	124
1230453800	17	138
1240000100	16	143
1240000200	19.1	122
1240000300	19.7	74
1240000400	16	92
1240000500	16.7	160
1240000600	27.2	98
1240000800	14	181
1240000900	23.7	44
1240001000	11.8	88
1240001300	18.6	104
1240001800	16.5	84
1240002000	67	68
1240002200	20	31
1240002600	20	123
1240003700	67	137
1240005400	67	31
1240005900	21.3	145
1240006000	21.1	146
1240006300	17.1	54
1240006400	8	117
1240006500	21.7	83
1240006600	17.5	102
1240006700	18.4	136
1240006800	33.3	75
1240006900	12	117
1240007000	23.8	59
1240007500	14	73
1240007700	14.9	109
1240007800	13	125
1240008000	16.9	182
1240008100	21.2	102
1240008200	21.7	99
1240008400	18.6	279
1240008500	16	146
1240008600	13	180
1240008700	20	87
1240008900	16.4	135
1240009100	10	42
1240009300	18	130
1240009400	17	138
1240009600	13	169
1240009800	21.2	110
1240009900	11.6	57
1240010000	13.4	49
1240010300	14	158
1240010400	14	158
1240010500	12	228
1240010600	10	273
1240010700	10.7	107
1240011100	15.5	70
1240011200	20.4	53
1240011300	17	118
1240011400	14	143
1240011500	6	193
1240011600	8.1	142
1240011700	18.9	97
1240011900	17.3	180
1240012100	13.9	169
1240012500	11.4	154
1240012700	12	207
1240012900	20	112
1240013000	17.1	132
1240013700	19	152
1240013800	10	286
1240013900	12.5	101
1240014200	20	179
1240014400	19.9	61
1240014600	21.1	53
1240014700	18.6	96
1240015600	23.2	58
1240015700	9	115
1240016000	9.7	102
1240016100	13.4	133
1240016400	26.6	79
1240016500	15	120
1240016600	21.1	85
1240016700	16.2	103
1240016800	20.6	81
1240016900	32.8	29
1240017000	21	45
1240017100	11	95
1240017500	13.1	59
1240017700	11	171
1240017800	12	158
1240017900	14	223
1240018000	14	224
1240018100	27.4	133
1240018200	12	299
1240018300	11	219
1240018500	11.6	46
1240018700	15.4	83
1240018900	14	91
1240019000	19	67
1240019200	12	186
1240019300	11	107
1240019400	36	33
1240019500	13	180
1240019600	21.1	111
1240019700	23.6	105
1240019800	13.2	189
1240019900	16	68
1240020000	36	30
1240020100	12	131
1240020200	17.2	91
1240020400	25.3	55
1240020700	14	158
1240020800	24	92
1240020900	29	50
1240021100	19.9	243
1240021200	24.3	199
1240021600	6.5	156
1240021800	21	72
1240022200	19.6	53
1240022600	20.5	72
1240022700	23.2	33
1240022800	23.8	32
1240022900	15	190
1240023000	24.5	116
1240023100	13	72
1240023400	14	96
1240023500	11	80
1240023600	27.8	32
1240023800	13	93
1240024000	26.2	183
1240024100	15.7	120
1240024200	28.5	66
1240024800	23.9	37
1240024900	10	77
1240025100	7	211
1240025200	9	163
1240025700	20	89
1240025800	34.3	53
1240026200	16	117
1240026500	27	167
1240026900	20	149
1240028000	27.2	54
1240028400	19.7	148
1240028500	24	145
1240028600	27.4	126
1240028700	35.7	139
1240028800	60	82
2040002902	80.5	121
2060011501	90	210
2080006500	17.3	106
2130003800	15.1	64
2130003901	6.6	90
2130004001	43	14
3201501100	10	129
3201501200	9	264
3201501300	13	187
3201501900	23.3	89
3201502000	17	164
3201502200	15	197
3201502300	15	198
3201502400	29.4	104
3201502500	14	218
3201502700	31	85
3201502900	19.5	154
3201503900	23.3	89
3201504000	22	141
3201504200	12	292
3201504300	22.9	153
3201504400	22	19
3201504600	22.2	111
3201504700	13.3	185
3201504800	14	134
3201504900	13	144
3201505100	12.2	143
3201505200	14.8	97
3201505400	19	93
3201505500	21	84
3201505600	33.5	62
3201505700	20	104
3201505800	17	153
3201505900	15.3	169
3201506200	19.7	83
3201506300	13.9	118
3201506400	43	79
3201506500	22	154
3201506800	8	113
3201506900	35.5	25
3201507000	23.3	109
3201507100	15	170
3201507200	23.3	56
3201507300	13.9	93
3201507400	19.7	52
3201507600	10	109
3201507800	19.9	191
3201508200	24.4	123
3201508300	25	120
3201508400	31.7	124
3201508500	23.2	171
3201508800	21.3	122
3201509700	11.7	71
3201509800	21.7	111
3201509900	27	90
3201510000	23.8	10
3201510100	21	11
3201510200	14	77
